﻿<?xml version='1.0' encoding='utf-8' ?>
<theme xmlns='http://zueuz.com/Theme-Schema.xsd' id='Plus' description='Social Icons Pack + by ~sawb' created-by='sawb' created-date='2009-05-21' url-reference='http://sawb.deviantart.com/art/Social-Icons-Pack-123247215'>
  <channel id='allegro' name='Allegro' image='allegro.png'/>
  <channel id='bebo' name='Bebo' image='bebo.png'/>
  <channel id='behance' name='Behance' image='behance.png'/>
  <channel id='blip' name='Blip' image='blip.png'/>
  <channel id='blogger' name='Blogger' image='blogger.png'/>
  <channel id='chceto' name='Chceto' image='chceto.png'/>
  <channel id='chomikuj' name='Chomikuj' image='chomikuj.png'/>
  <channel id='delicious' name='Delicious' image='delicious.png'/>
  <channel id='deviantart' name='Deviantart' image='deviantart.png'/>
  <channel id='digart' name='Digart' image='digart.png'/>
  <channel id='digg' name='Digg' image='digg.png'/>
  <channel id='dribbble' name='Dribbble' image='dribbble.png'/>
  <channel id='dropbox' name='Dropbox' image='dropbox.png'/>
  <channel id='email' name='Email' image='email.png'/>
  <channel id='etsy' name='Etsy' image='etsy.png'/>
  <channel id='facebook' name='Facebook' image='facebook.png'/>
  <channel id='feedburner' name='Feedburner' image='feedburner.png'/>
  <channel id='ffffound' name='FFFFound' image='ffffound.png'/>
  <channel id='filmaster' name='Filmaster' image='filmaster.png'/>
  <channel id='filmweb' name='Filmweb' image='filmweb.png'/>
  <channel id='flaker' name='Flaker' image='flaker.png'/>
  <channel id='flickr' name='Flickr' image='flickr.png'/>
  <channel id='flixter' name='Flixter' image='flixter.png'/>
  <channel id='formspring' name='Formspring' image='formspring.png'/>
  <channel id='foursquare' name='FourSquare' image='foursquare.png'/>
  <channel id='friendfeed' name='FriendFeed' image='friendfeed.png'/>
  <channel id='getglue' name='GetGlue' image='getglue.png'/>
  <channel id='gg' name='GG' image='gg.png'/>
  <channel id='github' name='GitHub' image='github.png'/>
  <channel id='imdb' name='IMDB' image='imdb.png'/>
  <channel id='imgur' name='ImGur' image='imgur.png'/>
  <channel id='instagram' name='Instagram' image='instagram.png'/>
  <channel id='kickstarter' name='Kickstarter' image='kickstarter.png'/>
  <channel id='lastfm' name='Last.fm' image='lastfm.png'/>
  <channel id='linkedin' name='LinkedIn' image='linkedin.png'/>
  <channel id='livejournal' name='Live Journal' image='livejournal.png'/>
  <channel id='lookbook' name='Lookbook' image='lookbook.png'/>
  <channel id='lubimyczytac' name='Lubimyczytac' image='lubimyczytac.png'/>
  <channel id='meetup' name='MeetUp' image='meetup.png'/>
  <channel id='miso' name='Miso' image='miso.png'/>
  <channel id='myguidie' name='MyGuidie' image='myguidie.png'/>
  <channel id='myspace' name='MySpace' image='myspace.png'/>
  <channel id='nakanapie' name='Nakanapie' image='nakanapie.png'/>
  <channel id='netvibes' name='Netvibes' image='netvibes.png'/>
  <channel id='networkedblogs' name='NetworkedBlogs' image='networkedblogs.png'/>
  <channel id='nk' name='Nk' image='nk.png'/>
  <channel id='orkut' name='Orkut' image='orkut.png'/>
  <channel id='pakamera' name='Pakamera' image='pakamera.png'/>
  <channel id='picasa' name='Picasa' image='picasa.png'/>
  <channel id='pinger' name='Pinger' image='pinger.png'/>
  <channel id='pinterest' name='Pinterest' image='pinterest.png'/>
  <channel id='posterous' name='Posterous' image='posterous.png'/>
  <channel id='profeo' name='Profeo' image='profeo.png'/>
  <channel id='quora' name='Quora' image='quora.png'/>
  <channel id='reddit' name='Reddit' image='reddit.png'/>
  <channel id='rss' name='RSS' image='rss.png'/>
  <channel id='scribd' name='Scribd' image='scribd.png'/>
  <channel id='skype' name='Skype' image='skype.png'/>
  <channel id='slideshare' name='SlideShare' image='slideshare.png'/>
  <channel id='soundcloud' name='SoundCloud' image='soundcloud.png'/>
  <channel id='soup' name='Soup' image='soup.png'/>
  <channel id='stumbleupon' name='StumbleUpon' image='stumbleupon.png'/>
  <channel id='sympatia' name='Sympatia' image='sympatia.png'/>
  <channel id='tripadvisor' name='TripAdvisor' image='tripadvisor.png'/>
  <channel id='tuenti' name='Tuenti' image='tuenti.png'/>
  <channel id='tumblr' name='Tumblr' image='tumblr.png'/>
  <channel id='twitter' name='Twitter' image='twitter.png'/>
  <channel id='vimeo' name='Vimeo' image='vimeo.png'/>
  <channel id='visualizeus' name='Visualizeus' image='visualizeus.png'/>
  <channel id='weheartit' name='WeHeardIt' image='weheartit.png'/>
  <channel id='wordpress' name='Wordpress' image='wordpress.png'/>
  <channel id='wykop' name='Wykop' image='wykop.png'/>
  <channel id='yahooanswers' name='Yahoo Answers' image='yahooanswers.png'/>
  <channel id='yelp' name='Yelp' image='yelp.png'/>
  <channel id='youtube' name='YouTube' image='youtube.png'/>
</theme>
